*‖ag/‖MC‖On‖Ariadna Grzona¦Ariadny Grzony¦Ariadnie Grzonie¦Ariadnę Grzonę¦Ariadną Grzoną¦Ariadnie Grzonie¦Ariadno Grzono
*‖an/‖MC‖On‖Artur Nowak¦Artura Nowaka¦Arturowi Nowakowi¦Artura Nowaka¦Arturem Nowakiem¦Arturze Nowaku¦Arturze Nowaku
*‖aw/‖MC‖On‖Agata Wilary¦Agaty Wilary¦Agacie Wilary¦Agatę Wilary¦Agatą Wilary¦Agacie Wilary¦Agato Wilary
*‖dn/‖MC‖On‖Dariusz Nazarewicz¦Dariusza Nazarewicza¦Dariuszowi Nazarewiczowi¦Dariuszem Nazarewiczem¦Dariuszu Nazarewiczu
*‖erg/‖MC‖On‖Ernest Mgłosiek¦Ernesta Mgłośka¦Ernestowi Mgłośkowi¦Ernesta Mgłoska¦Ernestem Mgłośkiem¦Erneście Mgłośku¦Erneście Mgłośku
*‖fb/‖MC‖On‖Filip Bisztyga¦Filipa Bisztygi¦Filipowi Bisztydze¦Filipa Bisztygę¦Filipem Bisztygą¦Filipie Bisztydze¦Filipie Bisztygo
*‖gl/‖MC‖On‖Günther Lehner¦Günthera Lehnera¦Güntherowi Lehnerowi¦Günthera Lehnera¦Güntherem Lehnerem¦Güntherze Lehnerze¦Güntherze Lehnerze
*‖guenther‖C‖On‖Günther
*‖jam/‖MC‖On‖Jakub Masiak¦Jakuba Masiaka¦Jakubowi Masiakowi¦Jakuba Masiaka¦Jakubem Masiakiem¦Jakubie Masiaku¦Jakubie Masiaku
*‖jd/‖MC‖On‖Joanna Damrat¦Joanny Damrat¦Joannie Damrat¦Joannę Damrat¦Joanną Damrat¦Joannie Damrat¦Joanno Damrat
*‖je/‖MC‖On‖Jörg Engers¦Jörga Engersa¦Jörgowi Engersowi¦Jörga Engersa¦Jörgem Engersem¦Jörgu Engersie¦Jörgu Engersie
*‖jl/‖MC‖On‖Jarosław Łuszcz¦Jarosława Łuszcza¦Jarosławowi Łuszczowi¦Jarosławem Łuszczem¦Jarosławie Łuszczu
*‖jm/‖MC‖On‖Jan Mironkiewicz¦Jana Mironkiewicza¦Janowi Mironkiewiczowi¦Jana Mironkiewicza¦Janem Mironkiewiczem¦Janie Mironkiewiczu¦Janie Mironkiewiczu
*‖jm2/‖MC‖On‖Jakub Masiak¦Jakuba Masiaka¦Jakubowi Masiakowi¦Jakubem Masiakiem¦Jakubie Masiaku
*‖joerg‖C‖On‖Jörg
*‖jorg‖C‖On‖Jörg
*‖js/‖MC‖On‖Jarosław Stec¦Jarosława Steca¦Jarosławowi Stecowi¦Jarosława Steca¦Jarosławem Stecem¦Jarosławie Stecu¦Jarosławie Stecu
*‖jw/‖MC‖On‖Jacek Wybraniak¦Jacka Wybraniaka¦Jackowi Wybraniakowi¦Jackiem Wybraniakiem¦Jacku Wybraniaku
*‖km/‖MC‖On‖Krzysztof Michalak¦Krzysztofa Michalaka¦Krzysztofowi Michalakowi¦Krzysztofa Michalaka¦Krzysztofem Michalakiem¦Krzysztofie Michalaku¦Krzysztofie Michalaku
*‖kn/‖MC‖On‖Kamila Nowak-Nalepa¦Kamili Nowak-Nalepy¦Kamili Nowak-Nalepie¦Kamilę Nowak-Nalepę¦Kamilą Nowak-Nalepą
*‖kp/‖MC‖On‖Krystian Papiernik¦Krystiana Papiernika¦Krystianowi Papiernikowi¦Krystianem Papiernikiem¦Krystianie Papierniku
*‖ks/‖MC‖On‖Krystian Stasiński¦Krystiana Stasińskiego¦Krystianowi Stasińskiemu¦Krystiana Stasińskiego¦Krystianem Stasińskim¦Krystianie Stasińskim¦Krystianie Stasiński
*‖kw/‖MC‖On‖Kamil Wilkanowski¦Kamila Wilkanowskiego¦Kamilowi Wilkanowskiemu¦Kamila Wilkanowskiego¦Kamilem Wilkanowskim¦Kamilu Wilkanowskim¦Kamilu Wilkanowski
*‖lp/‖MC‖On‖Łukasz Pawłowski¦Łukasza Pawłowskiego¦Łukaszowi Pawłowskiemu¦Łukaszem Pawłowskim¦Łukaszu Pawłowskim
*‖masz/‖MC‖On‖Maciej Szczepański¦Macieja Szczepańskiego¦Maciejowi Szczepańskiemu¦Macieja Szczepańskiego¦Maciejem Szczepańskim¦Macieju Szczepańskim¦Macieju Szczepański
*‖MB/‖MC‖On‖Mariusz Buława¦Multi Beam¦Mariusza Buławy¦Mariuszowi Buławie¦Mariusza Buławę¦Mariuszem Buławą¦Mariuszu Buławie
*‖mg/‖MC‖On‖Michalina Gołąbek¦Michaliny Gołąbek¦Michalinie Gołąbek¦Michalinę Gołąbek¦Michaliną Gołąbek¦Michalinie Gołąbek¦Michalino Gołąbek
*‖mib/‖MC‖On‖Michał Bigus¦Michała Bigusa¦Michałowi Bigusowi¦Michała Bigusa¦Michałem Bigusem¦Michale Bigusie¦Michale Bigusie
*‖mn/‖MC‖On‖Marta Nibus¦Marty Nibus¦Marcie Nibus¦Martę Nibus¦Martą Nibus¦Marcie Nibus¦Marto Nibus
*‖mo/‖MC‖On‖Mariusz Ossowski¦Mariusz Ossowskiego¦Mariuszowi Ossowskiemu¦Mariusza Ossowskiego¦Mariuszem Ossowskim¦Mariuszu Ossowskim¦Mariuszu Ossowski
*‖ms/‖MC‖On‖Maciej Słojewski¦Macieja Słojewskiego¦Maciejowi Słojewskiemu¦Maciejem Słojewski¦Macieju Słojewskim
*‖nb/‖MC‖On‖Natalia Budzińska¦Natalii Budzińskiej¦Natalii Budzińskiej¦Natalię Budzińską¦Natalią Budzińską¦Natalii Budzińskiej¦Natalio Budzińska
*‖pek‖C‖On‖Pék
*‖pk/‖MC‖On‖Paweł Kopacz¦Pawła Kopacza¦Pawłowi Kopaczowi¦Pawła Kopacza¦Pawłem Kopaczem¦Pawle Kopaczu¦Pawle Kopaczu
*‖pl/‖MC‖On‖Przemysław Latarski¦Przemysława Latarskiego¦Przemysławowi Latarskiemu¦Przemysława Latarskiego¦Przemysławem Lataskim¦Przemysławie Lataskim¦Przemysławie Latarski
*‖pp/‖MC‖On‖Piotr Pék¦Piotra Péka¦Piotrowi Pékowi¦Piotra Péka¦Piotrem Pékiem¦Piotrze Péku¦Piotrze Péku
*‖pr/‖MC‖On‖Paweł Romanowski¦Pawła Romanowskiego¦Pawłowi Romanowskiemu¦Pawłem Romanowskim¦Pawle Romanowskim
*‖pw/‖MC‖On‖Przemysław Wołoszyk¦Przemysława Wołoszyka¦Przemysławowi Wołoszykowi¦Przemysława Wołoszyka¦Przemysławem Wołoszykiem¦Przemysławie Wołoszyku¦Przemysławie Wołoszyku
*‖rb/‖MC‖On‖René Berger¦René Bergera¦René Bergerowi¦René Bergera¦René Bergerem¦René Bergerze¦René Bergerze
*‖rene‖C‖On‖René
*‖rg/‖MC‖On‖Rafał Golicki¦Rafała Golickiego¦Rafałowi Golickiemu¦Rafała Golickiego¦Rafałem Golickim¦Rafale Golickim¦Rafale Golicki
*‖sj/‖MC‖On‖Szymon Jeliński¦Szymona Jelińskiego¦Szymonowi Jelińskiemu¦Szymonem jelińskim¦Szymonie Jelińskim
*‖sm/‖MC‖On‖Sebastian Meyer¦Sebastiana Meyer¦Sebastianowi Meyer¦Sebestiana Meyer¦Sebastianem Meyer¦Sebastianie Meyer¦Sebastianie Meyer
*‖soren‖C‖On‖Søren
*‖stuhn‖C‖On‖Stühn
*‖tw/‖MC‖On‖Trąbki Wielkie¦Trąbek Wielkich¦Trąbkom Wielkim¦Trąbkami Wielkimi¦Trąbkach Wielkich
*‖tz/‖MC‖On‖Tomasz Zakrzewski¦Tomasza Zakrzewskiego¦Tomaszowi Zakrzewskiemu¦Tomaszem Zakrzewskim¦Tomaszu Zakrzewskim
*‖zk/‖MA‖On‖Zbigniew Kosiak¦Zbigniewa Kosiaka¦Zbigniewowi Kosiakowi¦Zbigniewem Kosiakiem¦Zbigniewie Kosiaku